{
  "rrt": {
    "times": [
      0.44298601150512695,
      0.371751070022583,
      0.7334303855895996,
      0.5846328735351562,
      0.5622775554656982,
      0.7063655853271484,
      0.5167760848999023,
      0.6258141994476318,
      0.3934614658355713,
      0.46025896072387695
    ],
    "lengths": [
      355.0,
      325.0,
      370.0,
      355.0,
      340.0,
      340.0,
      295.0,
      320.0,
      360.0,
      365.0
    ],
    "iterations": [
      913,
      726,
      1282,
      1125,
      1075,
      1435,
      986,
      850,
      795,
      932
    ],
    "successes": [
      1,
      1,
      1,
      1,
      1,
      1,
      1,
      1,
      1,
      1
    ],
    "time_stats": {
      "mean": 0.5397754192352295,
      "std": 0.12518240884780835,
      "min": 0.371751070022583,
      "max": 0.7334303855895996
    },
    "length_stats": {
      "mean": 342.5,
      "std": 23.481671339342284,
      "min": 295.0,
      "max": 370.0
    },
    "iteration_stats": {
      "mean": 1011.9,
      "std": 221.25221907236195,
      "min": 726,
      "max": 1435
    },
    "success_rate": 100.0
  },
  "rrt_star": {
    "times": [
      0.6818690299987793,
      0.5746049880981445,
      0.49347925186157227,
      0.49394965171813965,
      0.5830795764923096,
      0.4200623035430908,
      0.4971137046813965,
      0.5691497325897217,
      1.1928410530090332,
      0.5348765850067139
    ],
    "lengths": [
      342.1792139272664,
      321.73424584317917,
      313.39909774257654,
      306.86181409244216,
      288.8227516534706,
      291.8175705393341,
      327.3728693139593,
      294.4238225731693,
      306.6246536359498,
      314.36921379250526
    ],
    "iterations": [
      1081,
      946,
      801,
      831,
      912,
      645,
      798,
      886,
      1690,
      863
    ],
    "successes": [
      1,
      1,
      1,
      1,
      1,
      1,
      1,
      1,
      1,
      1
    ],
    "time_stats": {
      "mean": 0.6041025876998901,
      "std": 0.2184987302311378,
      "min": 0.4200623035430908,
      "max": 1.1928410530090332
    },
    "length_stats": {
      "mean": 310.76052531138527,
      "std": 16.808747377293265,
      "min": 288.8227516534706,
      "max": 342.1792139272664
    },
    "iteration_stats": {
      "mean": 945.3,
      "std": 284.83057342138596,
      "min": 645,
      "max": 1690
    },
    "success_rate": 100.0
  },
  "cmn_rrt_star": {
    "times": [
      1.2070448398590088,
      1.0251517295837402,
      1.376647710800171,
      1.4340786933898926,
      1.9751975536346436,
      1.421776294708252,
      2.1110286712646484,
      1.5855276584625244,
      1.9571151733398438,
      1.2270522117614746
    ],
    "lengths": [
      319.86880212647014,
      316.62973481849195,
      309.31405157256904,
      312.3386732111774,
      320.5864733241294,
      296.2398220918337,
      302.36990185479334,
      296.4303318253287,
      342.27498477810406,
      308.31550904750594
    ],
    "iterations": [
      526,
      434,
      654,
      699,
      606,
      491,
      713,
      755,
      988,
      557
    ],
    "successes": [
      1,
      1,
      1,
      1,
      1,
      1,
      1,
      1,
      1,
      1
    ],
    "time_stats": {
      "mean": 1.53206205368042,
      "std": 0.3676717612439072,
      "min": 1.0251517295837402,
      "max": 2.1110286712646484
    },
    "length_stats": {
      "mean": 312.4368284650404,
      "std": 13.647089982472686,
      "min": 296.2398220918337,
      "max": 342.27498477810406
    },
    "iteration_stats": {
      "mean": 642.3,
      "std": 159.49925113025174,
      "min": 434,
      "max": 988
    },
    "success_rate": 100.0
  }
}