{
  "rrt": {
    "times": [
      0.3032088279724121,
      0.11829257011413574,
      0.1635134220123291,
      0.17259740829467773,
      0.47305798530578613,
      0.1350727081298828,
      0.13911104202270508,
      0.27170753479003906,
      0.18314814567565918,
      0.2377910614013672
    ],
    "lengths": [
      274.99999999999994,
      215.0,
      215.0,
      235.0,
      270.0,
      220.0,
      270.0,
      285.0,
      230.0,
      255.0
    ],
    "iterations": [
      315,
      135,
      171,
      217,
      574,
      137,
      169,
      338,
      193,
      296
    ],
    "successes": [
      1,
      1,
      1,
      1,
      1,
      1,
      1,
      1,
      1,
      1
    ],
    "time_stats": {
      "mean": 0.2197500705718994,
      "std": 0.10793387246804806,
      "min": 0.11829257011413574,
      "max": 0.47305798530578613
    },
    "length_stats": {
      "mean": 247.0,
      "std": 26.99794230842211,
      "min": 215.0,
      "max": 285.0
    },
    "iteration_stats": {
      "mean": 254.5,
      "std": 134.16097296407278,
      "min": 135,
      "max": 574
    },
    "success_rate": 100.0
  },
  "rrt_star": {
    "times": [
      0.29454779624938965,
      0.24706220626831055,
      0.3019101619720459,
      0.4458496570587158,
      0.4707300662994385,
      0.3662412166595459,
      0.5175886154174805,
      0.43269968032836914,
      0.5355281829833984,
      0.34261441230773926
    ],
    "lengths": [
      243.6025116316547,
      205.95335042364397,
      210.18590528809827,
      207.1408467807102,
      252.34571324123905,
      219.9449955793263,
      252.00273357112954,
      242.60259545849752,
      216.06806904964594,
      238.51113517954184
    ],
    "iterations": [
      168,
      145,
      156,
      231,
      314,
      197,
      333,
      317,
      271,
      213
    ],
    "successes": [
      1,
      1,
      1,
      1,
      1,
      1,
      1,
      1,
      1,
      1
    ],
    "time_stats": {
      "mean": 0.3954771995544434,
      "std": 0.09929145063550252,
      "min": 0.24706220626831055,
      "max": 0.5355281829833984
    },
    "length_stats": {
      "mean": 228.83578562034873,
      "std": 18.781707399537726,
      "min": 205.95335042364397,
      "max": 252.34571324123905
    },
    "iteration_stats": {
      "mean": 234.5,
      "std": 70.42450646693317,
      "min": 145,
      "max": 333
    },
    "success_rate": 100.0
  },
  "cmn_rrt_star": {
    "times": [
      0.40311670303344727,
      0.3317437171936035,
      0.791283369064331,
      0.40770483016967773,
      0.35643959045410156,
      0.40019869804382324,
      0.36444878578186035,
      0.3851642608642578,
      0.8457818031311035,
      0.5447859764099121
    ],
    "lengths": [
      238.25293819120841,
      212.04811354569895,
      215.902790576174,
      236.11922480314402,
      241.83070260498118,
      210.071809758806,
      204.32425614951376,
      255.8709244230895,
      207.30170170084452,
      273.08213435452296
    ],
    "iterations": [
      122,
      28,
      219,
      86,
      58,
      59,
      33,
      67,
      91,
      125
    ],
    "successes": [
      1,
      1,
      1,
      1,
      1,
      1,
      1,
      1,
      1,
      1
    ],
    "time_stats": {
      "mean": 0.4830667734146118,
      "std": 0.18615874843085295,
      "min": 0.3317437171936035,
      "max": 0.8457818031311035
    },
    "length_stats": {
      "mean": 229.48045961079833,
      "std": 23.23978415716094,
      "min": 204.32425614951376,
      "max": 273.08213435452296
    },
    "iteration_stats": {
      "mean": 88.8,
      "std": 56.27274848647631,
      "min": 28,
      "max": 219
    },
    "success_rate": 100.0
  }
}