{
  "rrt": {
    "times": [
      0.3424496650695801,
      0.1747758388519287,
      0.21723270416259766,
      0.2910959720611572,
      0.6899313926696777,
      0.4432952404022217,
      0.20662522315979004,
      0.29517626762390137,
      0.4489564895629883,
      0.24689602851867676
    ],
    "lengths": [
      359.99999999999994,
      330.00000000000006,
      325.0,
      310.0,
      410.0,
      400.0,
      320.0,
      365.0,
      340.0,
      325.0
    ],
    "iterations": [
      1304,
      663,
      807,
      1182,
      1873,
      1202,
      782,
      1123,
      1582,
      1006
    ],
    "successes": [
      1,
      1,
      1,
      1,
      1,
      1,
      1,
      1,
      1,
      1
    ],
    "time_stats": {
      "mean": 0.33564348220825196,
      "std": 0.1556486053617384,
      "min": 0.1747758388519287,
      "max": 0.6899313926696777
    },
    "length_stats": {
      "mean": 348.5,
      "std": 34.40364967719429,
      "min": 310.0,
      "max": 410.0
    },
    "iteration_stats": {
      "mean": 1152.4,
      "std": 372.44632722939645,
      "min": 663,
      "max": 1873
    },
    "success_rate": 100.0
  },
  "rrt_star": {
    "times": [
      0.2677443027496338,
      0.334242582321167,
      0.6844050884246826,
      0.23953890800476074,
      0.24794530868530273,
      0.4858672618865967,
      0.17883038520812988,
      0.2629275321960449,
      0.3989732265472412,
      0.23606109619140625
    ],
    "lengths": [
      327.62001916687603,
      306.6324681358509,
      318.10693626653006,
      316.3022680735663,
      324.9001579413955,
      386.0172882364876,
      298.31552652508606,
      311.1529467150369,
      340.7104937216673,
      321.78603369888714
    ],
    "iterations": [
      866,
      1078,
      1806,
      804,
      889,
      1337,
      454,
      804,
      1231,
      793
    ],
    "successes": [
      1,
      1,
      1,
      1,
      1,
      1,
      1,
      1,
      1,
      1
    ],
    "time_stats": {
      "mean": 0.3336535692214966,
      "std": 0.1525730532594156,
      "min": 0.17883038520812988,
      "max": 0.6844050884246826
    },
    "length_stats": {
      "mean": 325.1544138481384,
      "std": 24.38402891008933,
      "min": 298.31552652508606,
      "max": 386.0172882364876
    },
    "iteration_stats": {
      "mean": 1006.2,
      "std": 375.69781000751715,
      "min": 454,
      "max": 1806
    },
    "success_rate": 100.0
  },
  "cmn_rrt_star": {
    "times": [
      0.6585161685943604,
      1.0857954025268555,
      0.7446820735931396,
      1.3116471767425537,
      1.0218958854675293,
      0.6164977550506592,
      0.8593835830688477,
      0.7762706279754639,
      0.9056494235992432,
      1.1423251628875732
    ],
    "lengths": [
      304.7759374187945,
      291.87518711668343,
      357.1208410923382,
      307.4884716788157,
      318.048828923816,
      375.0726900839682,
      288.79277925306855,
      314.80830742948393,
      304.88826810103456,
      308.5587844658391
    ],
    "iterations": [
      513,
      782,
      435,
      1103,
      678,
      391,
      556,
      639,
      584,
      889
    ],
    "successes": [
      1,
      1,
      1,
      1,
      1,
      1,
      1,
      1,
      1,
      1
    ],
    "time_stats": {
      "mean": 0.9122663259506225,
      "std": 0.22505579122057454,
      "min": 0.6164977550506592,
      "max": 1.3116471767425537
    },
    "length_stats": {
      "mean": 317.14300955638424,
      "std": 27.63364864238379,
      "min": 288.79277925306855,
      "max": 375.0726900839682
    },
    "iteration_stats": {
      "mean": 657,
      "std": 217.41818384547938,
      "min": 391,
      "max": 1103
    },
    "success_rate": 100.0
  }
}