{
  "rrt": {
    "times": [
      0.043675899505615234,
      0.06271624565124512,
      0.06563115119934082,
      0.05392909049987793,
      0.0433201789855957,
      0.08105683326721191,
      0.05700349807739258,
      0.06212306022644043,
      0.05451011657714844,
      0.04529404640197754
    ],
    "lengths": [
      219.99999999999997,
      209.99999999999997,
      235.0,
      200.0,
      210.0,
      215.0,
      219.99999999999997,
      225.0,
      210.00000000000003,
      215.0
    ],
    "iterations": [
      106,
      136,
      144,
      127,
      104,
      169,
      133,
      135,
      115,
      112
    ],
    "successes": [
      1,
      1,
      1,
      1,
      1,
      1,
      1,
      1,
      1,
      1
    ],
    "time_stats": {
      "mean": 0.05692601203918457,
      "std": 0.011687709544557707,
      "min": 0.0433201789855957,
      "max": 0.08105683326721191
    },
    "length_stats": {
      "mean": 216.0,
      "std": 9.660917830792956,
      "min": 200.0,
      "max": 235.0
    },
    "iteration_stats": {
      "mean": 128.1,
      "std": 19.891092367076162,
      "min": 104,
      "max": 169
    },
    "success_rate": 100.0
  },
  "rrt_star": {
    "times": [
      0.07237958908081055,
      0.046278953552246094,
      0.08547329902648926,
      0.05695986747741699,
      0.05757904052734375,
      0.25218772888183594,
      0.07603645324707031,
      0.06200671195983887,
      0.04435873031616211,
      0.0697472095489502
    ],
    "lengths": [
      205.30898675610317,
      207.5382987002375,
      211.34622919257146,
      202.58757672384715,
      204.52749037788223,
      206.3920734936997,
      197.4855633694236,
      206.87310749236835,
      202.9440881846741,
      204.43239931582167
    ],
    "iterations": [
      149,
      102,
      164,
      116,
      119,
      174,
      150,
      135,
      105,
      133
    ],
    "successes": [
      1,
      1,
      1,
      1,
      1,
      1,
      1,
      1,
      1,
      1
    ],
    "time_stats": {
      "mean": 0.08230075836181641,
      "std": 0.061073044417532384,
      "min": 0.04435873031616211,
      "max": 0.25218772888183594
    },
    "length_stats": {
      "mean": 204.9435813606629,
      "std": 3.6406101586172595,
      "min": 197.4855633694236,
      "max": 211.34622919257146
    },
    "iteration_stats": {
      "mean": 134.7,
      "std": 24.476973305991535,
      "min": 102,
      "max": 174
    },
    "success_rate": 100.0
  },
  "cmn_rrt_star": {
    "times": [
      0.08119797706604004,
      0.12482523918151855,
      0.06016230583190918,
      0.05379056930541992,
      0.2909424304962158,
      0.06313323974609375,
      0.08211684226989746,
      0.07352924346923828,
      0.11228418350219727,
      0.20597243309020996
    ],
    "lengths": [
      201.36291389163972,
      194.61275969743738,
      218.1032152103432,
      206.79554403928609,
      194.10261327097766,
      203.76109977821378,
      203.73151791906594,
      202.91138658572405,
      202.74910883840562,
      192.9382723620131
    ],
    "iterations": [
      35,
      60,
      43,
      28,
      57,
      32,
      49,
      32,
      46,
      78
    ],
    "successes": [
      1,
      1,
      1,
      1,
      1,
      1,
      1,
      1,
      1,
      1
    ],
    "time_stats": {
      "mean": 0.11479544639587402,
      "std": 0.07653818610090504,
      "min": 0.05379056930541992,
      "max": 0.2909424304962158
    },
    "length_stats": {
      "mean": 202.10684315931064,
      "std": 7.3722367129039315,
      "min": 192.9382723620131,
      "max": 218.1032152103432
    },
    "iteration_stats": {
      "mean": 46,
      "std": 15.620499351813308,
      "min": 28,
      "max": 78
    },
    "success_rate": 100.0
  }
}