{
  "rrt": {
    "times": [
      0.044381141662597656,
      0.05134987831115723,
      0.08111882209777832,
      0.06166195869445801,
      0.0670771598815918,
      0.05319666862487793,
      0.05579042434692383,
      0.0929408073425293,
      0.04556560516357422,
      0.05188941955566406
    ],
    "lengths": [
      214.99999999999997,
      205.0,
      220.00000000000006,
      220.00000000000003,
      199.99999999999997,
      210.0,
      220.00000000000009,
      219.99999999999994,
      215.0,
      215.0
    ],
    "iterations": [
      106,
      122,
      176,
      140,
      148,
      133,
      134,
      201,
      96,
      133
    ],
    "successes": [
      1,
      1,
      1,
      1,
      1,
      1,
      1,
      1,
      1,
      1
    ],
    "time_stats": {
      "mean": 0.060497188568115236,
      "std": 0.01577054295040985,
      "min": 0.044381141662597656,
      "max": 0.0929408073425293
    },
    "length_stats": {
      "mean": 214.0,
      "std": 6.992058987801027,
      "min": 199.99999999999997,
      "max": 220.00000000000009
    },
    "iteration_stats": {
      "mean": 138.9,
      "std": 30.946010333410598,
      "min": 96,
      "max": 201
    },
    "success_rate": 100.0
  },
  "rrt_star": {
    "times": [
      0.06696796417236328,
      0.06139969825744629,
      0.0794985294342041,
      0.07049155235290527,
      0.056940555572509766,
      0.06581449508666992,
      0.08377933502197266,
      0.050330162048339844,
      0.0673208236694336,
      0.05729103088378906
    ],
    "lengths": [
      207.8188205262297,
      207.98351538498628,
      200.03431690454966,
      208.58236463822246,
      211.53605323009276,
      216.44855304430564,
      201.79240474755903,
      192.37149726050933,
      195.41651058683115,
      193.14251419112952
    ],
    "iterations": [
      126,
      120,
      149,
      124,
      104,
      128,
      156,
      102,
      132,
      118
    ],
    "successes": [
      1,
      1,
      1,
      1,
      1,
      1,
      1,
      1,
      1,
      1
    ],
    "time_stats": {
      "mean": 0.06598341464996338,
      "std": 0.010251441949216837,
      "min": 0.050330162048339844,
      "max": 0.08377933502197266
    },
    "length_stats": {
      "mean": 203.51265505144156,
      "std": 8.220684309693201,
      "min": 192.37149726050933,
      "max": 216.44855304430564
    },
    "iteration_stats": {
      "mean": 125.9,
      "std": 17.103930672346763,
      "min": 102,
      "max": 156
    },
    "success_rate": 100.0
  },
  "cmn_rrt_star": {
    "times": [
      0.27998924255371094,
      0.06290030479431152,
      0.2499070167541504,
      0.14125633239746094,
      0.09859561920166016,
      0.05831265449523926,
      0.081512451171875,
      0.17776823043823242,
      0.13116121292114258,
      0.34134626388549805
    ],
    "lengths": [
      197.10709806100763,
      218.7465413370768,
      188.79578427186667,
      195.2036484645506,
      190.91677456922818,
      227.560513697551,
      203.26248923916864,
      192.60075436820873,
      195.12140876056222,
      189.74727277514748
    ],
    "iterations": [
      86,
      25,
      90,
      44,
      38,
      24,
      34,
      66,
      51,
      50
    ],
    "successes": [
      1,
      1,
      1,
      1,
      1,
      1,
      1,
      1,
      1,
      1
    ],
    "time_stats": {
      "mean": 0.16227493286132813,
      "std": 0.09804396706219491,
      "min": 0.05831265449523926,
      "max": 0.34134626388549805
    },
    "length_stats": {
      "mean": 199.90622855443678,
      "std": 13.100686328537748,
      "min": 188.79578427186667,
      "max": 227.560513697551
    },
    "iteration_stats": {
      "mean": 50.8,
      "std": 23.294252986997076,
      "min": 24,
      "max": 90
    },
    "success_rate": 100.0
  }
}